Title,Company,Ratings,Reviews,Experience,Salary,Location,Job_Post_History,URL
Finance Analyst (Work From Home),eClerx Services Ltd.    ,3.6,(1728 Reviews),0-1 Yrs,Not disclosed,"Pune, Mumbai",13 Days Ago,https://www.naukri.com/job-listings-finance-analyst-work-from-home-eclerx-services-ltd-pune-mumbai-0-to-1-years-201020005384?src=jobsearchDesk&sid=16043433022058000&xp=1&px=1
Financial Analyst,eClerx Services Ltd.    ,3.6,(1728 Reviews),0-2 Yrs,Not disclosed,"Navi Mumbai, Mumbai",3 Days Ago,https://www.naukri.com/job-listings-financial-analyst-eclerx-services-ltd-navi-mumbai-mumbai-0-to-2-years-131020007548?src=jobsearchDesk&sid=16043433022058000&xp=2&px=1
Urgent Opening For Financial Research Analyst - Mumbai,Merit Group,3.7,(30 Reviews),0-5 Yrs,Not disclosed,Mumbai,5 Days Ago,https://www.naukri.com/job-listings-urgent-opening-for-financial-research-analyst-mumbai-merit-group-mumbai-0-to-5-years-281020004430?src=jobsearchDesk&sid=16043433022058000&xp=4&px=1
"Analyst - Financial, Regulatory and Risk",RANGAM INFOTECH PVT. LTD,3.9,(12 Reviews),0-1 Yrs,Not disclosed,Mumbai,6 Days Ago,https://www.naukri.com/job-listings-analyst-financial-regulatory-and-risk-rangam-infotech-pvt-ltd-mumbai-0-to-1-years-271020501425?src=jobsearchDesk&sid=16043433022058000&xp=5&px=1
Senior Analyst-Finance Processes,Accenture Solutions Pvt Ltd,4,(15147 Reviews),5-8 Yrs,Not disclosed,Mumbai,12 Days Ago,https://www.naukri.com/job-listings-senior-analyst-finance-processes-accenture-solutions-pvt-ltd-mumbai-5-to-8-years-211020900738?src=jobsearchDesk&sid=16043433022058000&xp=8&px=1
Financial Research Analyst,Merit Group Limited,3.7,(30 Reviews),5-10 Yrs,Not disclosed,Mumbai,3 Days Ago,https://www.naukri.com/job-listings-financial-research-analyst-merit-group-limited-mumbai-5-to-10-years-301020500231?src=jobsearchDesk&sid=16043433022058000&xp=9&px=1
Financial Analyst,Medusind Solutions India Pvt Ltd   ,4,(253 Reviews),6-8 Yrs,Not disclosed,Mumbai(Worli),5 Days Ago,https://www.naukri.com/job-listings-financial-analyst-medusind-solutions-india-pvt-ltd-mumbai-6-to-8-years-281020005897?src=jobsearchDesk&sid=16043433022058000&xp=10&px=1
Financial Reporting Analyst,Teamware Solutions,3.5,(82 Reviews),1-4 Yrs,"4,25,000 - 6,00,000 PA.",Mumbai,5 Days Ago,https://www.naukri.com/job-listings-financial-reporting-analyst-teamware-solutions-mumbai-1-to-4-years-281020001120?src=jobsearchDesk&sid=16043433022058000&xp=11&px=1
Financial Analyst/Associate - Syndicated Loan Operations Night shift,GlobeOp Financial Services Technologies (India)  Private Limited,3.2,(249 Reviews),1-6 Yrs,Not disclosed,"Navi Mumbai, Mumbai",5 Days Ago,https://www.naukri.com/job-listings-financial-analyst-associate-syndicated-loan-operations-night-shift-globeop-financial-services-technologies-india-private-limited-navi-mumbai-mumbai-1-to-6-years-281020000215?src=jobsearchDesk&sid=16043433022058000&xp=12&px=1
Analyst-Finance Processes,Accenture Solutions Pvt Ltd,4,(15147 Reviews),3-5 Yrs,Not disclosed,Mumbai,12 Days Ago,https://www.naukri.com/job-listings-analyst-finance-processes-accenture-solutions-pvt-ltd-mumbai-3-to-5-years-211020900892?src=jobsearchDesk&sid=16043433022058000&xp=13&px=1
Analyst-Finance Processes,Accenture Solutions Pvt Ltd,4,(15147 Reviews),3-5 Yrs,Not disclosed,Mumbai,12 Days Ago,https://www.naukri.com/job-listings-analyst-finance-processes-accenture-solutions-pvt-ltd-mumbai-3-to-5-years-211020900878?src=jobsearchDesk&sid=16043433022058000&xp=14&px=1
Finance Analyst (Work From Home),eClerx Services Ltd.    ,3.6,(1728 Reviews),0-1 Yrs,Not disclosed,"Pune, Mumbai",13 Days Ago,https://www.naukri.com/job-listings-finance-analyst-work-from-home-eclerx-services-ltd-pune-mumbai-0-to-1-years-201020005384?src=jobsearchDesk&sid=16043433114382761&xp=1&px=1
Financial Analyst,eClerx Services Ltd.    ,3.6,(1728 Reviews),0-2 Yrs,Not disclosed,"Navi Mumbai, Mumbai",3 Days Ago,https://www.naukri.com/job-listings-financial-analyst-eclerx-services-ltd-navi-mumbai-mumbai-0-to-2-years-131020007548?src=jobsearchDesk&sid=16043433114382761&xp=2&px=1
Urgent Opening For Financial Research Analyst - Mumbai,Merit Group,3.7,(30 Reviews),0-5 Yrs,Not disclosed,Mumbai,5 Days Ago,https://www.naukri.com/job-listings-urgent-opening-for-financial-research-analyst-mumbai-merit-group-mumbai-0-to-5-years-281020004430?src=jobsearchDesk&sid=16043433114382761&xp=4&px=1
"Analyst - Financial, Regulatory and Risk",RANGAM INFOTECH PVT. LTD,3.9,(12 Reviews),0-1 Yrs,Not disclosed,Mumbai,6 Days Ago,https://www.naukri.com/job-listings-analyst-financial-regulatory-and-risk-rangam-infotech-pvt-ltd-mumbai-0-to-1-years-271020501425?src=jobsearchDesk&sid=16043433114382761&xp=5&px=1
Senior Analyst-Finance Processes,Accenture Solutions Pvt Ltd,4,(15147 Reviews),5-8 Yrs,Not disclosed,Mumbai,12 Days Ago,https://www.naukri.com/job-listings-senior-analyst-finance-processes-accenture-solutions-pvt-ltd-mumbai-5-to-8-years-211020900738?src=jobsearchDesk&sid=16043433114382761&xp=8&px=1
Financial Research Analyst,Merit Group Limited,3.7,(30 Reviews),5-10 Yrs,Not disclosed,Mumbai,3 Days Ago,https://www.naukri.com/job-listings-financial-research-analyst-merit-group-limited-mumbai-5-to-10-years-301020500231?src=jobsearchDesk&sid=16043433114382761&xp=9&px=1
Financial Analyst,Medusind Solutions India Pvt Ltd   ,4,(253 Reviews),6-8 Yrs,Not disclosed,Mumbai(Worli),5 Days Ago,https://www.naukri.com/job-listings-financial-analyst-medusind-solutions-india-pvt-ltd-mumbai-6-to-8-years-281020005897?src=jobsearchDesk&sid=16043433114382761&xp=10&px=1
Financial Reporting Analyst,Teamware Solutions,3.5,(82 Reviews),1-4 Yrs,"4,25,000 - 6,00,000 PA.",Mumbai,5 Days Ago,https://www.naukri.com/job-listings-financial-reporting-analyst-teamware-solutions-mumbai-1-to-4-years-281020001120?src=jobsearchDesk&sid=16043433114382761&xp=11&px=1
Financial Analyst/Associate - Syndicated Loan Operations Night shift,GlobeOp Financial Services Technologies (India)  Private Limited,3.2,(249 Reviews),1-6 Yrs,Not disclosed,"Navi Mumbai, Mumbai",5 Days Ago,https://www.naukri.com/job-listings-financial-analyst-associate-syndicated-loan-operations-night-shift-globeop-financial-services-technologies-india-private-limited-navi-mumbai-mumbai-1-to-6-years-281020000215?src=jobsearchDesk&sid=16043433114382761&xp=12&px=1
Analyst-Finance Processes,Accenture Solutions Pvt Ltd,4,(15147 Reviews),3-5 Yrs,Not disclosed,Mumbai,12 Days Ago,https://www.naukri.com/job-listings-analyst-finance-processes-accenture-solutions-pvt-ltd-mumbai-3-to-5-years-211020900892?src=jobsearchDesk&sid=16043433114382761&xp=13&px=1
Analyst-Finance Processes,Accenture Solutions Pvt Ltd,4,(15147 Reviews),3-5 Yrs,Not disclosed,Mumbai,12 Days Ago,https://www.naukri.com/job-listings-analyst-finance-processes-accenture-solutions-pvt-ltd-mumbai-3-to-5-years-211020900878?src=jobsearchDesk&sid=16043433114382761&xp=14&px=1
Finance Analyst (Work From Home),eClerx Services Ltd.    ,3.6,(1728 Reviews),0-1 Yrs,Not disclosed,"Pune, Mumbai",13 Days Ago,https://www.naukri.com/job-listings-finance-analyst-work-from-home-eclerx-services-ltd-pune-mumbai-0-to-1-years-201020005384?src=jobsearchDesk&sid=16043433227695251&xp=1&px=1
Financial Analyst,eClerx Services Ltd.    ,3.6,(1728 Reviews),0-2 Yrs,Not disclosed,"Navi Mumbai, Mumbai",3 Days Ago,https://www.naukri.com/job-listings-financial-analyst-eclerx-services-ltd-navi-mumbai-mumbai-0-to-2-years-131020007548?src=jobsearchDesk&sid=16043433227695251&xp=2&px=1
Urgent Opening For Financial Research Analyst - Mumbai,Merit Group,3.7,(30 Reviews),0-5 Yrs,Not disclosed,Mumbai,5 Days Ago,https://www.naukri.com/job-listings-urgent-opening-for-financial-research-analyst-mumbai-merit-group-mumbai-0-to-5-years-281020004430?src=jobsearchDesk&sid=16043433227695251&xp=4&px=1
"Analyst - Financial, Regulatory and Risk",RANGAM INFOTECH PVT. LTD,3.9,(12 Reviews),0-1 Yrs,Not disclosed,Mumbai,6 Days Ago,https://www.naukri.com/job-listings-analyst-financial-regulatory-and-risk-rangam-infotech-pvt-ltd-mumbai-0-to-1-years-271020501425?src=jobsearchDesk&sid=16043433227695251&xp=5&px=1
Senior Analyst-Finance Processes,Accenture Solutions Pvt Ltd,4,(15147 Reviews),5-8 Yrs,Not disclosed,Mumbai,12 Days Ago,https://www.naukri.com/job-listings-senior-analyst-finance-processes-accenture-solutions-pvt-ltd-mumbai-5-to-8-years-211020900738?src=jobsearchDesk&sid=16043433227695251&xp=8&px=1
Financial Research Analyst,Merit Group Limited,3.7,(30 Reviews),5-10 Yrs,Not disclosed,Mumbai,3 Days Ago,https://www.naukri.com/job-listings-financial-research-analyst-merit-group-limited-mumbai-5-to-10-years-301020500231?src=jobsearchDesk&sid=16043433227695251&xp=9&px=1
Financial Analyst,Medusind Solutions India Pvt Ltd   ,4,(253 Reviews),6-8 Yrs,Not disclosed,Mumbai(Worli),5 Days Ago,https://www.naukri.com/job-listings-financial-analyst-medusind-solutions-india-pvt-ltd-mumbai-6-to-8-years-281020005897?src=jobsearchDesk&sid=16043433227695251&xp=10&px=1
Financial Reporting Analyst,Teamware Solutions,3.5,(82 Reviews),1-4 Yrs,"4,25,000 - 6,00,000 PA.",Mumbai,5 Days Ago,https://www.naukri.com/job-listings-financial-reporting-analyst-teamware-solutions-mumbai-1-to-4-years-281020001120?src=jobsearchDesk&sid=16043433227695251&xp=11&px=1
Financial Analyst/Associate - Syndicated Loan Operations Night shift,GlobeOp Financial Services Technologies (India)  Private Limited,3.2,(249 Reviews),1-6 Yrs,Not disclosed,"Navi Mumbai, Mumbai",5 Days Ago,https://www.naukri.com/job-listings-financial-analyst-associate-syndicated-loan-operations-night-shift-globeop-financial-services-technologies-india-private-limited-navi-mumbai-mumbai-1-to-6-years-281020000215?src=jobsearchDesk&sid=16043433227695251&xp=12&px=1
Analyst-Finance Processes,Accenture Solutions Pvt Ltd,4,(15147 Reviews),3-5 Yrs,Not disclosed,Mumbai,12 Days Ago,https://www.naukri.com/job-listings-analyst-finance-processes-accenture-solutions-pvt-ltd-mumbai-3-to-5-years-211020900892?src=jobsearchDesk&sid=16043433227695251&xp=13&px=1
Analyst-Finance Processes,Accenture Solutions Pvt Ltd,4,(15147 Reviews),3-5 Yrs,Not disclosed,Mumbai,12 Days Ago,https://www.naukri.com/job-listings-analyst-finance-processes-accenture-solutions-pvt-ltd-mumbai-3-to-5-years-211020900878?src=jobsearchDesk&sid=16043433227695251&xp=14&px=1
Finance Analyst (Work From Home),eClerx Services Ltd.    ,3.6,(1728 Reviews),0-1 Yrs,Not disclosed,"Pune, Mumbai",13 Days Ago,https://www.naukri.com/job-listings-finance-analyst-work-from-home-eclerx-services-ltd-pune-mumbai-0-to-1-years-201020005384?src=jobsearchDesk&sid=1604343331935740&xp=1&px=1
Financial Analyst,eClerx Services Ltd.    ,3.6,(1728 Reviews),0-2 Yrs,Not disclosed,"Navi Mumbai, Mumbai",3 Days Ago,https://www.naukri.com/job-listings-financial-analyst-eclerx-services-ltd-navi-mumbai-mumbai-0-to-2-years-131020007548?src=jobsearchDesk&sid=1604343331935740&xp=2&px=1
Urgent Opening For Financial Research Analyst - Mumbai,Merit Group,3.7,(30 Reviews),0-5 Yrs,Not disclosed,Mumbai,5 Days Ago,https://www.naukri.com/job-listings-urgent-opening-for-financial-research-analyst-mumbai-merit-group-mumbai-0-to-5-years-281020004430?src=jobsearchDesk&sid=1604343331935740&xp=4&px=1
"Analyst - Financial, Regulatory and Risk",RANGAM INFOTECH PVT. LTD,3.9,(12 Reviews),0-1 Yrs,Not disclosed,Mumbai,6 Days Ago,https://www.naukri.com/job-listings-analyst-financial-regulatory-and-risk-rangam-infotech-pvt-ltd-mumbai-0-to-1-years-271020501425?src=jobsearchDesk&sid=1604343331935740&xp=5&px=1
Senior Analyst-Finance Processes,Accenture Solutions Pvt Ltd,4,(15147 Reviews),5-8 Yrs,Not disclosed,Mumbai,12 Days Ago,https://www.naukri.com/job-listings-senior-analyst-finance-processes-accenture-solutions-pvt-ltd-mumbai-5-to-8-years-211020900738?src=jobsearchDesk&sid=1604343331935740&xp=6&px=1
Financial Research Analyst,Merit Group Limited,3.7,(30 Reviews),5-10 Yrs,Not disclosed,Mumbai,3 Days Ago,https://www.naukri.com/job-listings-financial-research-analyst-merit-group-limited-mumbai-5-to-10-years-301020500231?src=jobsearchDesk&sid=1604343331935740&xp=9&px=1
Financial Analyst,Medusind Solutions India Pvt Ltd   ,4,(253 Reviews),6-8 Yrs,Not disclosed,Mumbai(Worli),5 Days Ago,https://www.naukri.com/job-listings-financial-analyst-medusind-solutions-india-pvt-ltd-mumbai-6-to-8-years-281020005897?src=jobsearchDesk&sid=1604343331935740&xp=10&px=1
Financial Reporting Analyst,Teamware Solutions,3.5,(82 Reviews),1-4 Yrs,"4,25,000 - 6,00,000 PA.",Mumbai,5 Days Ago,https://www.naukri.com/job-listings-financial-reporting-analyst-teamware-solutions-mumbai-1-to-4-years-281020001120?src=jobsearchDesk&sid=1604343331935740&xp=11&px=1
Financial Analyst/Associate - Syndicated Loan Operations Night shift,GlobeOp Financial Services Technologies (India)  Private Limited,3.2,(249 Reviews),1-6 Yrs,Not disclosed,"Navi Mumbai, Mumbai",5 Days Ago,https://www.naukri.com/job-listings-financial-analyst-associate-syndicated-loan-operations-night-shift-globeop-financial-services-technologies-india-private-limited-navi-mumbai-mumbai-1-to-6-years-281020000215?src=jobsearchDesk&sid=1604343331935740&xp=12&px=1
Analyst-Finance Processes,Accenture Solutions Pvt Ltd,4,(15147 Reviews),3-5 Yrs,Not disclosed,Mumbai,12 Days Ago,https://www.naukri.com/job-listings-analyst-finance-processes-accenture-solutions-pvt-ltd-mumbai-3-to-5-years-211020900892?src=jobsearchDesk&sid=1604343331935740&xp=13&px=1
Analyst-Finance Processes,Accenture Solutions Pvt Ltd,4,(15147 Reviews),3-5 Yrs,Not disclosed,Mumbai,12 Days Ago,https://www.naukri.com/job-listings-analyst-finance-processes-accenture-solutions-pvt-ltd-mumbai-3-to-5-years-211020900878?src=jobsearchDesk&sid=1604343331935740&xp=14&px=1
Finance Analyst (Work From Home),eClerx Services Ltd.    ,3.6,(1728 Reviews),0-1 Yrs,Not disclosed,"Pune, Mumbai",13 Days Ago,https://www.naukri.com/job-listings-finance-analyst-work-from-home-eclerx-services-ltd-pune-mumbai-0-to-1-years-201020005384?src=jobsearchDesk&sid=16043433480135715&xp=1&px=1
Financial Analyst,eClerx Services Ltd.    ,3.6,(1728 Reviews),0-2 Yrs,Not disclosed,"Navi Mumbai, Mumbai",3 Days Ago,https://www.naukri.com/job-listings-financial-analyst-eclerx-services-ltd-navi-mumbai-mumbai-0-to-2-years-131020007548?src=jobsearchDesk&sid=16043433480135715&xp=2&px=1
Urgent Opening For Financial Research Analyst - Mumbai,Merit Group,3.7,(30 Reviews),0-5 Yrs,Not disclosed,Mumbai,5 Days Ago,https://www.naukri.com/job-listings-urgent-opening-for-financial-research-analyst-mumbai-merit-group-mumbai-0-to-5-years-281020004430?src=jobsearchDesk&sid=16043433480135715&xp=4&px=1
"Analyst - Financial, Regulatory and Risk",RANGAM INFOTECH PVT. LTD,3.9,(12 Reviews),0-1 Yrs,Not disclosed,Mumbai,6 Days Ago,https://www.naukri.com/job-listings-analyst-financial-regulatory-and-risk-rangam-infotech-pvt-ltd-mumbai-0-to-1-years-271020501425?src=jobsearchDesk&sid=16043433480135715&xp=5&px=1
Senior Analyst-Finance Processes,Accenture Solutions Pvt Ltd,4,(15147 Reviews),5-8 Yrs,Not disclosed,Mumbai,12 Days Ago,https://www.naukri.com/job-listings-senior-analyst-finance-processes-accenture-solutions-pvt-ltd-mumbai-5-to-8-years-211020900738?src=jobsearchDesk&sid=16043433480135715&xp=8&px=1
Financial Research Analyst,Merit Group Limited,3.7,(30 Reviews),5-10 Yrs,Not disclosed,Mumbai,3 Days Ago,https://www.naukri.com/job-listings-financial-research-analyst-merit-group-limited-mumbai-5-to-10-years-301020500231?src=jobsearchDesk&sid=16043433480135715&xp=9&px=1
Financial Analyst,Medusind Solutions India Pvt Ltd   ,4,(253 Reviews),6-8 Yrs,Not disclosed,Mumbai(Worli),5 Days Ago,https://www.naukri.com/job-listings-financial-analyst-medusind-solutions-india-pvt-ltd-mumbai-6-to-8-years-281020005897?src=jobsearchDesk&sid=16043433480135715&xp=10&px=1
Financial Reporting Analyst,Teamware Solutions,3.5,(82 Reviews),1-4 Yrs,"4,25,000 - 6,00,000 PA.",Mumbai,5 Days Ago,https://www.naukri.com/job-listings-financial-reporting-analyst-teamware-solutions-mumbai-1-to-4-years-281020001120?src=jobsearchDesk&sid=16043433480135715&xp=11&px=1
Financial Analyst/Associate - Syndicated Loan Operations Night shift,GlobeOp Financial Services Technologies (India)  Private Limited,3.2,(249 Reviews),1-6 Yrs,Not disclosed,"Navi Mumbai, Mumbai",5 Days Ago,https://www.naukri.com/job-listings-financial-analyst-associate-syndicated-loan-operations-night-shift-globeop-financial-services-technologies-india-private-limited-navi-mumbai-mumbai-1-to-6-years-281020000215?src=jobsearchDesk&sid=16043433480135715&xp=12&px=1
Analyst-Finance Processes,Accenture Solutions Pvt Ltd,4,(15147 Reviews),3-5 Yrs,Not disclosed,Mumbai,12 Days Ago,https://www.naukri.com/job-listings-analyst-finance-processes-accenture-solutions-pvt-ltd-mumbai-3-to-5-years-211020900892?src=jobsearchDesk&sid=16043433480135715&xp=13&px=1
Analyst-Finance Processes,Accenture Solutions Pvt Ltd,4,(15147 Reviews),3-5 Yrs,Not disclosed,Mumbai,12 Days Ago,https://www.naukri.com/job-listings-analyst-finance-processes-accenture-solutions-pvt-ltd-mumbai-3-to-5-years-211020900878?src=jobsearchDesk&sid=16043433480135715&xp=14&px=1
Finance Analyst (Work From Home),eClerx Services Ltd.    ,3.6,(1728 Reviews),0-1 Yrs,Not disclosed,"Pune, Mumbai",13 Days Ago,https://www.naukri.com/job-listings-finance-analyst-work-from-home-eclerx-services-ltd-pune-mumbai-0-to-1-years-201020005384?src=jobsearchDesk&sid=1604343357923520&xp=1&px=1
Financial Analyst,eClerx Services Ltd.    ,3.6,(1728 Reviews),0-2 Yrs,Not disclosed,"Navi Mumbai, Mumbai",3 Days Ago,https://www.naukri.com/job-listings-financial-analyst-eclerx-services-ltd-navi-mumbai-mumbai-0-to-2-years-131020007548?src=jobsearchDesk&sid=1604343357923520&xp=2&px=1
Urgent Opening For Financial Research Analyst - Mumbai,Merit Group,3.7,(30 Reviews),0-5 Yrs,Not disclosed,Mumbai,5 Days Ago,https://www.naukri.com/job-listings-urgent-opening-for-financial-research-analyst-mumbai-merit-group-mumbai-0-to-5-years-281020004430?src=jobsearchDesk&sid=1604343357923520&xp=4&px=1
"Analyst - Financial, Regulatory and Risk",RANGAM INFOTECH PVT. LTD,3.9,(12 Reviews),0-1 Yrs,Not disclosed,Mumbai,6 Days Ago,https://www.naukri.com/job-listings-analyst-financial-regulatory-and-risk-rangam-infotech-pvt-ltd-mumbai-0-to-1-years-271020501425?src=jobsearchDesk&sid=1604343357923520&xp=5&px=1
Senior Analyst-Finance Processes,Accenture Solutions Pvt Ltd,4,(15147 Reviews),5-8 Yrs,Not disclosed,Mumbai,12 Days Ago,https://www.naukri.com/job-listings-senior-analyst-finance-processes-accenture-solutions-pvt-ltd-mumbai-5-to-8-years-211020900738?src=jobsearchDesk&sid=1604343357923520&xp=8&px=1
Financial Research Analyst,Merit Group Limited,3.7,(30 Reviews),5-10 Yrs,Not disclosed,Mumbai,3 Days Ago,https://www.naukri.com/job-listings-financial-research-analyst-merit-group-limited-mumbai-5-to-10-years-301020500231?src=jobsearchDesk&sid=1604343357923520&xp=9&px=1
Financial Analyst,Medusind Solutions India Pvt Ltd   ,4,(253 Reviews),6-8 Yrs,Not disclosed,Mumbai(Worli),5 Days Ago,https://www.naukri.com/job-listings-financial-analyst-medusind-solutions-india-pvt-ltd-mumbai-6-to-8-years-281020005897?src=jobsearchDesk&sid=1604343357923520&xp=10&px=1
Financial Reporting Analyst,Teamware Solutions,3.5,(82 Reviews),1-4 Yrs,"4,25,000 - 6,00,000 PA.",Mumbai,5 Days Ago,https://www.naukri.com/job-listings-financial-reporting-analyst-teamware-solutions-mumbai-1-to-4-years-281020001120?src=jobsearchDesk&sid=1604343357923520&xp=11&px=1
Financial Analyst/Associate - Syndicated Loan Operations Night shift,GlobeOp Financial Services Technologies (India)  Private Limited,3.2,(249 Reviews),1-6 Yrs,Not disclosed,"Navi Mumbai, Mumbai",5 Days Ago,https://www.naukri.com/job-listings-financial-analyst-associate-syndicated-loan-operations-night-shift-globeop-financial-services-technologies-india-private-limited-navi-mumbai-mumbai-1-to-6-years-281020000215?src=jobsearchDesk&sid=1604343357923520&xp=12&px=1
Analyst-Finance Processes,Accenture Solutions Pvt Ltd,4,(15147 Reviews),3-5 Yrs,Not disclosed,Mumbai,12 Days Ago,https://www.naukri.com/job-listings-analyst-finance-processes-accenture-solutions-pvt-ltd-mumbai-3-to-5-years-211020900892?src=jobsearchDesk&sid=1604343357923520&xp=13&px=1
Analyst-Finance Processes,Accenture Solutions Pvt Ltd,4,(15147 Reviews),3-5 Yrs,Not disclosed,Mumbai,12 Days Ago,https://www.naukri.com/job-listings-analyst-finance-processes-accenture-solutions-pvt-ltd-mumbai-3-to-5-years-211020900878?src=jobsearchDesk&sid=1604343357923520&xp=14&px=1
Finance Analyst (Work From Home),eClerx Services Ltd.    ,3.6,(1728 Reviews),0-1 Yrs,Not disclosed,"Pune, Mumbai",13 Days Ago,https://www.naukri.com/job-listings-finance-analyst-work-from-home-eclerx-services-ltd-pune-mumbai-0-to-1-years-201020005384?src=jobsearchDesk&sid=16043433673977764&xp=1&px=1
Financial Analyst,eClerx Services Ltd.    ,3.6,(1728 Reviews),0-2 Yrs,Not disclosed,"Navi Mumbai, Mumbai",3 Days Ago,https://www.naukri.com/job-listings-financial-analyst-eclerx-services-ltd-navi-mumbai-mumbai-0-to-2-years-131020007548?src=jobsearchDesk&sid=16043433673977764&xp=2&px=1
Urgent Opening For Financial Research Analyst - Mumbai,Merit Group,3.7,(30 Reviews),0-5 Yrs,Not disclosed,Mumbai,5 Days Ago,https://www.naukri.com/job-listings-urgent-opening-for-financial-research-analyst-mumbai-merit-group-mumbai-0-to-5-years-281020004430?src=jobsearchDesk&sid=16043433673977764&xp=4&px=1
"Analyst - Financial, Regulatory and Risk",RANGAM INFOTECH PVT. LTD,3.9,(12 Reviews),0-1 Yrs,Not disclosed,Mumbai,6 Days Ago,https://www.naukri.com/job-listings-analyst-financial-regulatory-and-risk-rangam-infotech-pvt-ltd-mumbai-0-to-1-years-271020501425?src=jobsearchDesk&sid=16043433673977764&xp=5&px=1
Senior Analyst-Finance Processes,Accenture Solutions Pvt Ltd,4,(15147 Reviews),5-8 Yrs,Not disclosed,Mumbai,12 Days Ago,https://www.naukri.com/job-listings-senior-analyst-finance-processes-accenture-solutions-pvt-ltd-mumbai-5-to-8-years-211020900738?src=jobsearchDesk&sid=16043433673977764&xp=8&px=1
Financial Research Analyst,Merit Group Limited,3.7,(30 Reviews),5-10 Yrs,Not disclosed,Mumbai,3 Days Ago,https://www.naukri.com/job-listings-financial-research-analyst-merit-group-limited-mumbai-5-to-10-years-301020500231?src=jobsearchDesk&sid=16043433673977764&xp=9&px=1
Financial Analyst,Medusind Solutions India Pvt Ltd   ,4,(253 Reviews),6-8 Yrs,Not disclosed,Mumbai(Worli),5 Days Ago,https://www.naukri.com/job-listings-financial-analyst-medusind-solutions-india-pvt-ltd-mumbai-6-to-8-years-281020005897?src=jobsearchDesk&sid=16043433673977764&xp=10&px=1
Financial Reporting Analyst,Teamware Solutions,3.5,(82 Reviews),1-4 Yrs,"4,25,000 - 6,00,000 PA.",Mumbai,5 Days Ago,https://www.naukri.com/job-listings-financial-reporting-analyst-teamware-solutions-mumbai-1-to-4-years-281020001120?src=jobsearchDesk&sid=16043433673977764&xp=11&px=1
Financial Analyst/Associate - Syndicated Loan Operations Night shift,GlobeOp Financial Services Technologies (India)  Private Limited,3.2,(249 Reviews),1-6 Yrs,Not disclosed,"Navi Mumbai, Mumbai",5 Days Ago,https://www.naukri.com/job-listings-financial-analyst-associate-syndicated-loan-operations-night-shift-globeop-financial-services-technologies-india-private-limited-navi-mumbai-mumbai-1-to-6-years-281020000215?src=jobsearchDesk&sid=16043433673977764&xp=12&px=1
Analyst-Finance Processes,Accenture Solutions Pvt Ltd,4,(15147 Reviews),3-5 Yrs,Not disclosed,Mumbai,12 Days Ago,https://www.naukri.com/job-listings-analyst-finance-processes-accenture-solutions-pvt-ltd-mumbai-3-to-5-years-211020900892?src=jobsearchDesk&sid=16043433673977764&xp=13&px=1
Analyst-Finance Processes,Accenture Solutions Pvt Ltd,4,(15147 Reviews),3-5 Yrs,Not disclosed,Mumbai,12 Days Ago,https://www.naukri.com/job-listings-analyst-finance-processes-accenture-solutions-pvt-ltd-mumbai-3-to-5-years-211020900878?src=jobsearchDesk&sid=16043433673977764&xp=14&px=1
Finance Analyst (Work From Home),eClerx Services Ltd.    ,3.6,(1728 Reviews),0-1 Yrs,Not disclosed,"Pune, Mumbai",13 Days Ago,https://www.naukri.com/job-listings-finance-analyst-work-from-home-eclerx-services-ltd-pune-mumbai-0-to-1-years-201020005384?src=jobsearchDesk&sid=16043433780036706&xp=1&px=1
Financial Analyst,eClerx Services Ltd.    ,3.6,(1728 Reviews),0-2 Yrs,Not disclosed,"Navi Mumbai, Mumbai",3 Days Ago,https://www.naukri.com/job-listings-financial-analyst-eclerx-services-ltd-navi-mumbai-mumbai-0-to-2-years-131020007548?src=jobsearchDesk&sid=16043433780036706&xp=2&px=1
Urgent Opening For Financial Research Analyst - Mumbai,Merit Group,3.7,(30 Reviews),0-5 Yrs,Not disclosed,Mumbai,5 Days Ago,https://www.naukri.com/job-listings-urgent-opening-for-financial-research-analyst-mumbai-merit-group-mumbai-0-to-5-years-281020004430?src=jobsearchDesk&sid=16043433780036706&xp=4&px=1
"Analyst - Financial, Regulatory and Risk",RANGAM INFOTECH PVT. LTD,3.9,(12 Reviews),0-1 Yrs,Not disclosed,Mumbai,6 Days Ago,https://www.naukri.com/job-listings-analyst-financial-regulatory-and-risk-rangam-infotech-pvt-ltd-mumbai-0-to-1-years-271020501425?src=jobsearchDesk&sid=16043433780036706&xp=5&px=1
Senior Analyst-Finance Processes,Accenture Solutions Pvt Ltd,4,(15147 Reviews),5-8 Yrs,Not disclosed,Mumbai,12 Days Ago,https://www.naukri.com/job-listings-senior-analyst-finance-processes-accenture-solutions-pvt-ltd-mumbai-5-to-8-years-211020900738?src=jobsearchDesk&sid=16043433780036706&xp=6&px=1
Financial Research Analyst,Merit Group Limited,3.7,(30 Reviews),5-10 Yrs,Not disclosed,Mumbai,3 Days Ago,https://www.naukri.com/job-listings-financial-research-analyst-merit-group-limited-mumbai-5-to-10-years-301020500231?src=jobsearchDesk&sid=16043433780036706&xp=9&px=1
Financial Analyst,Medusind Solutions India Pvt Ltd   ,4,(253 Reviews),6-8 Yrs,Not disclosed,Mumbai(Worli),5 Days Ago,https://www.naukri.com/job-listings-financial-analyst-medusind-solutions-india-pvt-ltd-mumbai-6-to-8-years-281020005897?src=jobsearchDesk&sid=16043433780036706&xp=10&px=1
Financial Reporting Analyst,Teamware Solutions,3.5,(82 Reviews),1-4 Yrs,"4,25,000 - 6,00,000 PA.",Mumbai,5 Days Ago,https://www.naukri.com/job-listings-financial-reporting-analyst-teamware-solutions-mumbai-1-to-4-years-281020001120?src=jobsearchDesk&sid=16043433780036706&xp=11&px=1
Financial Analyst/Associate - Syndicated Loan Operations Night shift,GlobeOp Financial Services Technologies (India)  Private Limited,3.2,(249 Reviews),1-6 Yrs,Not disclosed,"Navi Mumbai, Mumbai",5 Days Ago,https://www.naukri.com/job-listings-financial-analyst-associate-syndicated-loan-operations-night-shift-globeop-financial-services-technologies-india-private-limited-navi-mumbai-mumbai-1-to-6-years-281020000215?src=jobsearchDesk&sid=16043433780036706&xp=12&px=1
Analyst-Finance Processes,Accenture Solutions Pvt Ltd,4,(15147 Reviews),3-5 Yrs,Not disclosed,Mumbai,12 Days Ago,https://www.naukri.com/job-listings-analyst-finance-processes-accenture-solutions-pvt-ltd-mumbai-3-to-5-years-211020900892?src=jobsearchDesk&sid=16043433780036706&xp=13&px=1
Analyst-Finance Processes,Accenture Solutions Pvt Ltd,4,(15147 Reviews),3-5 Yrs,Not disclosed,Mumbai,12 Days Ago,https://www.naukri.com/job-listings-analyst-finance-processes-accenture-solutions-pvt-ltd-mumbai-3-to-5-years-211020900878?src=jobsearchDesk&sid=16043433780036706&xp=14&px=1
Finance Analyst (Work From Home),eClerx Services Ltd.    ,3.6,(1728 Reviews),0-1 Yrs,Not disclosed,"Pune, Mumbai",13 Days Ago,https://www.naukri.com/job-listings-finance-analyst-work-from-home-eclerx-services-ltd-pune-mumbai-0-to-1-years-201020005384?src=jobsearchDesk&sid=16043433878229193&xp=1&px=1
Financial Analyst,eClerx Services Ltd.    ,3.6,(1728 Reviews),0-2 Yrs,Not disclosed,"Navi Mumbai, Mumbai",3 Days Ago,https://www.naukri.com/job-listings-financial-analyst-eclerx-services-ltd-navi-mumbai-mumbai-0-to-2-years-131020007548?src=jobsearchDesk&sid=16043433878229193&xp=2&px=1
Urgent Opening For Financial Research Analyst - Mumbai,Merit Group,3.7,(30 Reviews),0-5 Yrs,Not disclosed,Mumbai,5 Days Ago,https://www.naukri.com/job-listings-urgent-opening-for-financial-research-analyst-mumbai-merit-group-mumbai-0-to-5-years-281020004430?src=jobsearchDesk&sid=16043433878229193&xp=4&px=1
"Analyst - Financial, Regulatory and Risk",RANGAM INFOTECH PVT. LTD,3.9,(12 Reviews),0-1 Yrs,Not disclosed,Mumbai,6 Days Ago,https://www.naukri.com/job-listings-analyst-financial-regulatory-and-risk-rangam-infotech-pvt-ltd-mumbai-0-to-1-years-271020501425?src=jobsearchDesk&sid=16043433878229193&xp=5&px=1
Senior Analyst-Finance Processes,Accenture Solutions Pvt Ltd,4,(15147 Reviews),5-8 Yrs,Not disclosed,Mumbai,12 Days Ago,https://www.naukri.com/job-listings-senior-analyst-finance-processes-accenture-solutions-pvt-ltd-mumbai-5-to-8-years-211020900738?src=jobsearchDesk&sid=16043433878229193&xp=8&px=1
Financial Research Analyst,Merit Group Limited,3.7,(30 Reviews),5-10 Yrs,Not disclosed,Mumbai,3 Days Ago,https://www.naukri.com/job-listings-financial-research-analyst-merit-group-limited-mumbai-5-to-10-years-301020500231?src=jobsearchDesk&sid=16043433878229193&xp=9&px=1
Financial Analyst,Medusind Solutions India Pvt Ltd   ,4,(253 Reviews),6-8 Yrs,Not disclosed,Mumbai(Worli),5 Days Ago,https://www.naukri.com/job-listings-financial-analyst-medusind-solutions-india-pvt-ltd-mumbai-6-to-8-years-281020005897?src=jobsearchDesk&sid=16043433878229193&xp=10&px=1
Financial Reporting Analyst,Teamware Solutions,3.5,(82 Reviews),1-4 Yrs,"4,25,000 - 6,00,000 PA.",Mumbai,5 Days Ago,https://www.naukri.com/job-listings-financial-reporting-analyst-teamware-solutions-mumbai-1-to-4-years-281020001120?src=jobsearchDesk&sid=16043433878229193&xp=11&px=1
Financial Analyst/Associate - Syndicated Loan Operations Night shift,GlobeOp Financial Services Technologies (India)  Private Limited,3.2,(249 Reviews),1-6 Yrs,Not disclosed,"Navi Mumbai, Mumbai",5 Days Ago,https://www.naukri.com/job-listings-financial-analyst-associate-syndicated-loan-operations-night-shift-globeop-financial-services-technologies-india-private-limited-navi-mumbai-mumbai-1-to-6-years-281020000215?src=jobsearchDesk&sid=16043433878229193&xp=12&px=1
Analyst-Finance Processes,Accenture Solutions Pvt Ltd,4,(15147 Reviews),3-5 Yrs,Not disclosed,Mumbai,12 Days Ago,https://www.naukri.com/job-listings-analyst-finance-processes-accenture-solutions-pvt-ltd-mumbai-3-to-5-years-211020900892?src=jobsearchDesk&sid=16043433878229193&xp=13&px=1
Analyst-Finance Processes,Accenture Solutions Pvt Ltd,4,(15147 Reviews),3-5 Yrs,Not disclosed,Mumbai,12 Days Ago,https://www.naukri.com/job-listings-analyst-finance-processes-accenture-solutions-pvt-ltd-mumbai-3-to-5-years-211020900878?src=jobsearchDesk&sid=16043433878229193&xp=14&px=1
Finance Analyst (Work From Home),eClerx Services Ltd.    ,3.6,(1728 Reviews),0-1 Yrs,Not disclosed,"Pune, Mumbai",13 Days Ago,https://www.naukri.com/job-listings-finance-analyst-work-from-home-eclerx-services-ltd-pune-mumbai-0-to-1-years-201020005384?src=jobsearchDesk&sid=16043433980262757&xp=1&px=1
Financial Analyst,eClerx Services Ltd.    ,3.6,(1728 Reviews),0-2 Yrs,Not disclosed,"Navi Mumbai, Mumbai",3 Days Ago,https://www.naukri.com/job-listings-financial-analyst-eclerx-services-ltd-navi-mumbai-mumbai-0-to-2-years-131020007548?src=jobsearchDesk&sid=16043433980262757&xp=2&px=1
Urgent Opening For Financial Research Analyst - Mumbai,Merit Group,3.7,(30 Reviews),0-5 Yrs,Not disclosed,Mumbai,5 Days Ago,https://www.naukri.com/job-listings-urgent-opening-for-financial-research-analyst-mumbai-merit-group-mumbai-0-to-5-years-281020004430?src=jobsearchDesk&sid=16043433980262757&xp=4&px=1
"Analyst - Financial, Regulatory and Risk",RANGAM INFOTECH PVT. LTD,3.9,(12 Reviews),0-1 Yrs,Not disclosed,Mumbai,6 Days Ago,https://www.naukri.com/job-listings-analyst-financial-regulatory-and-risk-rangam-infotech-pvt-ltd-mumbai-0-to-1-years-271020501425?src=jobsearchDesk&sid=16043433980262757&xp=5&px=1
Senior Analyst-Finance Processes,Accenture Solutions Pvt Ltd,4,(15147 Reviews),5-8 Yrs,Not disclosed,Mumbai,12 Days Ago,https://www.naukri.com/job-listings-senior-analyst-finance-processes-accenture-solutions-pvt-ltd-mumbai-5-to-8-years-211020900738?src=jobsearchDesk&sid=16043433980262757&xp=8&px=1
Financial Research Analyst,Merit Group Limited,3.7,(30 Reviews),5-10 Yrs,Not disclosed,Mumbai,3 Days Ago,https://www.naukri.com/job-listings-financial-research-analyst-merit-group-limited-mumbai-5-to-10-years-301020500231?src=jobsearchDesk&sid=16043433980262757&xp=9&px=1
Financial Analyst,Medusind Solutions India Pvt Ltd   ,4,(253 Reviews),6-8 Yrs,Not disclosed,Mumbai(Worli),5 Days Ago,https://www.naukri.com/job-listings-financial-analyst-medusind-solutions-india-pvt-ltd-mumbai-6-to-8-years-281020005897?src=jobsearchDesk&sid=16043433980262757&xp=10&px=1
Financial Reporting Analyst,Teamware Solutions,3.5,(82 Reviews),1-4 Yrs,"4,25,000 - 6,00,000 PA.",Mumbai,5 Days Ago,https://www.naukri.com/job-listings-financial-reporting-analyst-teamware-solutions-mumbai-1-to-4-years-281020001120?src=jobsearchDesk&sid=16043433980262757&xp=11&px=1
Financial Analyst/Associate - Syndicated Loan Operations Night shift,GlobeOp Financial Services Technologies (India)  Private Limited,3.2,(249 Reviews),1-6 Yrs,Not disclosed,"Navi Mumbai, Mumbai",5 Days Ago,https://www.naukri.com/job-listings-financial-analyst-associate-syndicated-loan-operations-night-shift-globeop-financial-services-technologies-india-private-limited-navi-mumbai-mumbai-1-to-6-years-281020000215?src=jobsearchDesk&sid=16043433980262757&xp=12&px=1
Analyst-Finance Processes,Accenture Solutions Pvt Ltd,4,(15147 Reviews),3-5 Yrs,Not disclosed,Mumbai,12 Days Ago,https://www.naukri.com/job-listings-analyst-finance-processes-accenture-solutions-pvt-ltd-mumbai-3-to-5-years-211020900892?src=jobsearchDesk&sid=16043433980262757&xp=13&px=1
Analyst-Finance Processes,Accenture Solutions Pvt Ltd,4,(15147 Reviews),3-5 Yrs,Not disclosed,Mumbai,12 Days Ago,https://www.naukri.com/job-listings-analyst-finance-processes-accenture-solutions-pvt-ltd-mumbai-3-to-5-years-211020900878?src=jobsearchDesk&sid=16043433980262757&xp=14&px=1
